"photographer","nationality","birth_place","bp_lon","bp_lat","death_place","dp_lon","dp_lat","n_photo","party_type","birth_date","death_date","birth_year","death_year","first_name","gender","age_at_death"
"A. Aubrey Bodine","American","Baltimore (Baltimore Independent City, Maryland, United States)","-76.5408093","39.398901","Baltimore (Baltimore Independent City, Maryland, United States)","-76.5408093","39.398901",6,"Person","1906-01-01","1970-01-01","1906","1970","A.",NA,64
"Aaron Siskind","American","New York City (New York state, United States)","-74.0059728","40.712775","Providence (Providence county, Rhode Island, United States)","-71.4128343","41.823989",1,"Person","1903-01-01","1991-01-01","1903","1991","Aaron","male",88
"Aaronel deRoy Gruber","American","Pittsburgh (Allegheny county, Pennsylvania, United States)","-79.9958864","40.440625","Pittsburgh","-79.9958864","40.440625",5,"Person","1918-01-01","2011-01-01","1918","2011","Aaronel",NA,93
"Adolf de Meyer","French","Paris (Ville de Paris department, √éle-de-France, France)","2.3522148","48.856582","Hollywood (Los Angeles, Los Angeles county, California, United States)","-118.3286614","34.092809",1,"Person","1868-01-01","1949-01-01","1868","1949","Adolf","male",81
"Alan Cohen","American","Harrisburg, PA","-76.8867008","40.273191",NA,NA,NA,5,"Person","1943-01-01",NA,"1943",NA,"Alan","male",NA
"Alexandre Georges","American","France","2.2137490","46.227638",NA,NA,NA,4,"Person","1916-01-01",NA,"1916",NA,"Alexandre","male",NA
"Alfred Stieglitz","American","Hoboken (Hudson county, New Jersey, United States)","-74.0323626","40.743991","New York City (New York state, United States)","-74.0059728","40.712775",50,"Person","1864-01-01","1946-01-01","1864","1946","Alfred","male",82
"Algimantas S. J. Kezys","Lithuanian","Lithuania","23.8812750","55.169438",NA,NA,NA,6,"Person","1928-01-01",NA,"1928",NA,"Algimantas","male",NA
"Alice Boughton","American","Brooklyn, New York, USA","-73.9441579","40.678178",NA,NA,NA,1,"Person","1865-01-01","1943-01-01","1865","1943","Alice","female",78
"Alison Rossiter","American","Jackson, Mississippi, United States","-90.1848103","32.298757",NA,NA,NA,2,"Person","1953-01-01",NA,"1953",NA,"Alison","female",NA
"Alvin Langdon Coburn","British",NA,NA,NA,NA,NA,NA,33,"Person","1881-01-01","1966-01-01","1881","1966","Alvin","male",85
"Andr√© Kert√©sz","American","Budapest, Hungary","19.0402350","47.497912","New York, NY","-74.0059728","40.712775",14,"Person","1894-01-01","1985-01-01","1894","1985","Andr√",NA,91
"Andreas Feininger","French","Paris (Ville de Paris department, Ile-de-France, France)","2.3522148","48.856582","New York City (New York state, United States)","-74.0059728","40.712775",2,"Person","1906-01-01","1999-01-01","1906","1999","Andreas","male",93
"Annie O'Neill","American","Wading River, NY","-72.8426016","40.950376",NA,NA,NA,2,"Person","1966-01-01",NA,"1966",NA,"Annie","female",NA
"Anouk Kruithof","Dutch","Dordrecht, Netherlands","4.6900929","51.813298",NA,NA,NA,1,"Person","1981-06-02",NA,"1981",NA,"Anouk","female",NA
"Ansel Adams","American","San Francisco (San Francisco county, California, United States)","-122.4194155","37.774929","Carmel (Monterey county, California, United States)","-121.9232879","36.555239",9,"Person","1902-02-20","1984-04-22","1902","1984","Ansel","male",82
"Anthony Barboza","American","New Bedford, MA","-70.9342050","41.636215",NA,NA,NA,4,"Person","1944-01-01",NA,"1944",NA,"Anthony","male",NA
"Antony Armstrong-Jones, Earl of Snowdon","British","London (Greater London, England, United Kingdom)","-0.1277583","51.507351",NA,NA,NA,1,"Person","1930-01-01",NA,"1930",NA,"Antony","male",NA
"Arne Svenson","American","Santa Monica, California, USA","-118.4911912","34.019454",NA,NA,NA,1,"Person","1952-01-01",NA,"1952",NA,"Arne","male",NA
"Arthur Rothstein","American","New York, New York","-115.1745559","36.102371","New Rochelle, NY","-73.7823549","40.911488",5,"Person","1915-01-01","1985-01-01","1915","1985","Arthur","male",70
"Aspen Mays","American","Asheville, NC","-82.5514869","35.595058",NA,NA,NA,1,"Person","1980-01-01",NA,"1980",NA,"Aspen","female",NA
"August Sander","German","Herdorf (Koblenz district, Rhineland Palatinate, Germany)",NA,NA,"Cologne (Kˆln district, North Rhine-Westphalia, Germany)","6.9602786","50.937531",8,"Person","1876-01-01","1964-01-01","1876","1964","August","male",88
"Barbara Morgan","American","Buffalo (Wilson county, Kansas, United States)","-95.6974822","37.709767","Sleepy Hollow (Westchester county, New York state, United States)","-73.8584684","41.085652",35,"Person","1899-12-31","1992-01-01","1899","1992","Barbara","female",93
"Baron","British","England","-1.1743197","52.355518",NA,NA,NA,1,"Person","1906-01-01","1956-01-01","1906","1956","Baron","male",50
"Baron Raimond von Stillfried-Rathenitz","Austrian","Chomutov (Severocesky Kraj, Czech Republic)","13.4107370","50.463498","Vienna (Wien state, Austria)","16.3668609","48.206293",1,"Person","1839-01-01","1911-01-01","1839","1911","Baron","male",72
"Berenice Abbott","American","Springfield (Clark county, Ohio, United States)","-83.8088171","39.924227",NA,NA,NA,17,"Person","1898-01-01","1991-01-01","1898","1991","Berenice","female",93
"Bill Brandt","British","Hamburg (Hamburg state, Germany)","9.9936819","53.551085","London (Greater London, England, United Kingdom)","-0.1277583","51.507351",1,"Person","1904-01-01","1983-01-01","1904","1983","Bill","male",79
"Bill Witt","American","Newark, New Jersey","-74.1723667","40.735657",NA,NA,NA,27,"Person","1921-01-01",NA,"1921",NA,"Bill","male",NA
"Blythe Bohnen","American","Evanston, Illinois","-87.6876969","42.045072",NA,NA,NA,6,"Person","1940-01-01",NA,"1940",NA,"Blythe","female",NA
"Boris Mikhailov","Ukrainian","Kharkiv, Ukraine","36.2303830","49.993500",NA,NA,NA,3,"Person","1938-08-25",NA,"1938",NA,"Boris","male",NA
"Brady W. Stewart","American","McKeesport, PA","-79.8641232","40.347067",NA,NA,NA,2,"Person","1882-01-01","1965-01-01","1882","1965","Brady","male",83
"Brassa√Ø","French","Bra»ôov (Bra»ôov county, Romania) (Hungary)",NA,NA,"Azur, C√¥te d' (Provence-Alpes-C√¥te d'Azur, France)","6.6378577","43.254773",3,"Person","1899-01-01","1984-01-01","1899","1984","Brassa√",NA,85
"C. C. Kough","American","Uniontown, Pennsylvania","-79.7164326","39.900076","Pasadena, California","-118.1445155","34.147785",1,"Person","1866-01-01","1912-01-01","1866","1912","C.",NA,46
"Cecil Walter Hardy Beaton","British","London (Greater London, England, United Kingdom)","-0.1277583","51.507351","Broad Chalke (Wiltshire, England, United Kingdom)","-1.9488200","51.024502",4,"Person","1904-01-01","1980-01-01","1904","1980","Cecil","male",76
"Chasmar-Winchell Press","American",NA,NA,NA,NA,NA,NA,14,"Organization",NA,NA,NA,NA,"Chasmar",NA,NA
"Chautauqua Photographic Company","American",NA,NA,NA,NA,NA,NA,45,"Organization","1897-01-01","1911-01-01","1897","1911","Chautauqua",NA,NA
"Clarence H. White","American","West Carlisle, Ohio","-82.1181972","40.228958",NA,NA,NA,16,"Person","1871-01-01","1925-01-01","1871","1925","Clarence","male",54
"Clyde Hare","American","Bloomington, Indiana","-86.5263857","39.165325","Pittsburgh, PA","-79.9958864","40.440625",45,"Person","1927-01-01","2009-01-01","1927","2009","Clyde","male",82
"David Goldblatt","South African","Randfontein, South Africa","27.6786847","-26.199150",NA,NA,NA,2,"Person","1930-11-29",NA,"1930",NA,"David","male",NA
"David Levinthal","American","San Francisco, CA","-122.4194155","37.774929",NA,NA,NA,1,"Person","1949-01-01",NA,"1949",NA,"David","male",NA
"David Octavius Hill","Scottish","Perth (Perth and Kinross, Scotland, United Kingdom)","-3.4308381","56.394994","Edinburgh (Edinburgh, Scotland, United Kingdom)","-3.1882670","55.953252",4,"Person","1802-01-01","1870-01-01","1802","1870","David","male",68
"Dorothy Wilding","English","Gloucester, England","-2.2381560","51.864245",NA,NA,NA,1,"Person","1893-01-01","1976-01-01","1893","1976","Dorothy","female",83
"Douglas Keats","American","Massachusetts","-71.3824374","42.407211",NA,NA,NA,25,"Person","1948-01-01",NA,"1948",NA,"Douglas","male",NA
"Duane Michals","American","Pittsburgh, Pennsylvania","-79.9958864","40.440625",NA,NA,NA,44,"Person","1932-01-01",NA,"1932",NA,"Duane","male",NA
"Dulce Pinz√≥n","Mexican","Mexico City","-99.1332080","19.432608",NA,NA,NA,2,"Person","1974-01-01",NA,"1974",NA,"Dulce","female",NA
"Dylan Vitone","American","Portland, Maine","-70.2553259","43.661471",NA,NA,NA,9,"Person","1978-01-01",NA,"1978",NA,"Dylan","male",NA
"E. J. Bellocq","American","New Orleans (Orleans parish, Louisiana, United States)","-90.0715323","29.951066","New Orleans (Orleans parish, Louisiana, United States)","-90.0715323","29.951066",2,"Person","1873-01-01","1949-01-01","1873","1949","E.",NA,76
"Eadweard Muybridge","American","Kingston upon Thames (Greater London, England, United Kingdom)","-0.3006890","51.412330","Kingston upon Thames (Greater London, England, United Kingdom)","-0.3006890","51.412330",3,"Person","1830-01-01","1904-01-01","1830","1904","Eadweard",NA,74
"Edward J. Steichen","American","Luxembourg (Europe)","6.1295830","49.815273","Connecticut, West Redding","-73.4342882","41.326484",25,"Person","1879-01-01","1973-01-01","1879","1973","Edward","male",94
"Edward Weston","American","Highland Park (Lake county, Illinois, United States)","-87.8003437","42.181692","Carmel (Monterey county, California, United States)","-121.9232879","36.555239",4,"Person","1886-01-01","1958-01-01","1886","1958","Edward","male",72
"Eliot Porter","American","Winnetka (Cook county, Illinois, United States)","-87.7358950","42.108083","Santa Fe (Santa Fe county, New Mexico, United States)","-105.9377990","35.686975",14,"Person","1901-01-01","1990-01-01","1901","1990","Eliot","male",89
"Elliott Erwitt","American","Paris, France","2.3522219","48.856614",NA,NA,NA,37,"Person","1928-01-01",NA,"1928",NA,"Elliott","male",NA
"Ellsworth Kelly","American","Newburgh (Orange county, New York state, United States)","-74.0104178","41.503427","Spencertown, New York","-73.5464194","42.323384",4,"Person","1923-05-31","2015-12-27","1923","2015","Ellsworth","male",92
"Emmet Gowin","American","Danville (Virginia, United States)","-79.3950228","36.585972",NA,NA,NA,1,"Person","1941-01-01",NA,"1941",NA,"Emmet","male",NA
"Ernest Cole","South African","Eersterust, Pretoria, South Africa","28.3140488","-25.705664","New York, NY","-74.0059728","40.712775",1,"Person","1940-03-21","1990-02-18","1940","1990","Ernest","male",50
"Esther Bubley","American","Phillips (Price county, Wisconson United States)","-90.4004296","45.696626","Manhattan (New York City, New York state, United States)","-73.9712488","40.783060",13,"Person","1921-01-01","1998-01-01","1921","1998","Esther","female",77
"Eug√®ne Atget","French","Libourne (Gironde, Aquitaine, France)","-0.2439850","44.912998","Paris","2.3522219","48.856614",31,"Person","1857-01-01","1927-01-01","1857","1927","Eug√",NA,70
"Eve Arnold","American","Philadelphia, Pennsylvania","-75.1652215","39.952584",NA,NA,NA,1,"Person","1912-01-01",NA,"1912",NA,"Eve","female",NA
"Frank E. Bingaman","American","Pittsburgh, PA","-79.9958864","40.440625",NA,NA,NA,29,"Person","1875-01-01","1948-01-01","1875","1948","Frank","male",73
"Frank Eugene","American","New York City (New York state, United States)","-74.0059728","40.712775","Munich (Oberbayern, Bavaria, Germany)","11.5819805","48.135125",1,"Person","1865-01-01","1936-01-01","1865","1936","Frank","male",71
"Frank Paulin","American","Pittsburgh, Pennsylvania","-79.9958864","40.440625",NA,NA,NA,12,"Person","1926-01-01",NA,"1926",NA,"Frank","male",NA
"Fred G. Korth","American","Guben, Germany (Europe)","14.6955650","51.951486","United States","-95.7128910","37.090240",3,"Person","1902-01-01","1983-01-01","1902","1983","Fred","male",81
"Gabriel Orozco","Mexican","Jalapa Enr√≠quez (Veracruz, Mexico)","-96.9175059","19.527630",NA,NA,NA,2,"Person","1962-01-01",NA,"1962",NA,"Gabriel","male",NA
"George A. Tice","American","Newark (Essex county, New Jersey, United States)","-74.1723667","40.735657",NA,NA,NA,14,"Person","1938-01-01",NA,"1938",NA,"George","male",NA
"George Platt Lynes","American","East Orange (Essex county, New Jersey, United States)","-74.2048677","40.767323","New York City (New York state, United States)","-74.0059728","40.712775",1,"Person","1907-01-01","1955-01-01","1907","1955","George","male",48
"Geraldo de Barros","Brazilian","Chavantes, Brazil","-49.7114397","-23.037569","S√£o Paulo, Brazil","-46.6333094","-23.550520",1,"Person","1923-01-01","1998-01-01","1923","1998","Geraldo","male",75
"Gertrude Kasebier","American","Des Moines, Iowa, USA","-93.6091064","41.600545","New York, New York, USA","-74.0059728","40.712775",4,"Person","1852-01-01","1934-01-01","1852","1934","Gertrude","female",82
"Gilbert and Bacon","American","Philadelphia","-75.1652215","39.952584",NA,NA,NA,1,"Organization","1860-01-01",NA,"1860",NA,"Gilbert","male",NA
"Gordon H. Coster","American","Baltimore","-76.6121893","39.290385",NA,NA,NA,1,"Person","1903-01-01","1988-01-01","1903","1988","Gordon","male",85
"Gordon Parks","American","Fort Scott, Kansas","-94.7082951","37.839763","New York City, New York","-74.0059728","40.712775",1,"Person","1912-11-30","2006-03-07","1912","2006","Gordon","male",94
"Gy√∂rgy Kepes","American","L≈ërinci, Hungary",NA,NA,NA,NA,NA,1,"Person","1906-01-01","2001-01-01","1906","2001","Gy√",NA,95
"Hamidou Maiga","Malian","Bobo-Dioulasso, Burkina Faso","-4.3051542","11.164922",NA,NA,NA,2,"Person","1932-01-01",NA,"1932",NA,"Hamidou","male",NA
"Harold Corsini","American","New York City, New York","-74.0059728","40.712775","Pittsburgh, Pennsylvania","-79.9958864","40.440625",26,"Person","1919-01-01","2008-01-01","1919","2008","Harold","male",89
"Harry Bowden","American","Los Angeles (Los Angeles county, California, United States)","-118.2436849","34.052234","Sausalito (Marin county, California, United States)","-122.4852507","37.859094",1,"Person","1907-01-01","1965-01-01","1907","1965","Harry","male",58
"Harry Callahan","American","Detroit (Wayne county, Michigan, United States)","-83.0457538","42.331427","Atlanta (Fulton county, Georgia, United States)","-84.3879824","33.748995",3,"Person","1912-01-01","1999-01-01","1912","1999","Harry","male",87
"Harry Wilks","American","New York City","-74.0059728","40.712775",NA,NA,NA,2,"Person","1942-01-01",NA,"1942",NA,"Harry","male",NA
"Heinrich K√ºhn","Austrian","Dresden (Dresden district, Saxony, Germany)","13.7372621","51.050409","Birgitz (Tyrol, Austria)","11.2995002","47.235452",2,"Person","1866-01-01","1944-01-01","1866","1944","Heinrich","male",78
"Herbert List","German","Hamburg (Hamburg state, Germany)","9.9936819","53.551085","Munich (Oberbayern, Bavaria, Germany)","11.5819805","48.135125",2,"Person","1903-01-01","1975-01-01","1903","1975","Herbert","male",72
"Hew Charles Torrance","American","Scotland","-4.2026458","56.490671",NA,NA,NA,41,"Person","1859-01-01","1931-01-01","1859","1931","Hew","male",72
"Hiroshi Sugimoto","Japanese","Japan","138.2529240","36.204824",NA,NA,NA,5,"Person","1948-01-01",NA,"1948",NA,"Hiroshi","male",NA
"Horst P. Horst","American","Weissenfels (Halle district, Saxony-Anhalt, Germany)","11.9734777","51.439992","Palm Beach (Palm Beach county, Florida, United States)","-80.0364297","26.705621",1,"Person","1906-01-01","1999-01-01","1906","1999","Horst","male",93
"Imogen Cunningham","American","Portland, Oregon, USA","-122.6764815","45.523062",NA,NA,NA,1,"Person","1883-01-01","1976-01-01","1883","1976","Imogen","female",93
"Irving Penn","American","Plainfield (Union county, New Jersey, United States)","-74.4073736","40.633714","Manhattan (New York City, New York state, United States)","-73.9712488","40.783060",1,"Person","1917-01-01","2009-01-01","1917","2009","Irving","male",92
"Jack Delano","American","Kiev, Ukraine","30.5234000","50.450100","Puerto Rico","-66.5901490","18.220833",3,"Person","1914-08-01","1997-08-12","1914","1997","Jack","male",83
"Jacques Henri Charles au Lartigue","French","Courbevoie (Hauts-de-Seine department, √éle-de-France, France)","2.2672013","48.895223",NA,NA,NA,6,"Person","1894-01-01","1986-01-01","1894","1986","Jacques","male",92
"James Blair","American","Philadelphia, PA","-75.1652215","39.952584",NA,NA,NA,21,"Person","1931-01-01",NA,"1931",NA,"James","male",NA
"James Hare","British","London, England","-0.1277583","51.507351",NA,NA,NA,1,"Person","1856-01-01","1946-01-01","1856","1946","James","male",90
"James J. Klingensmith","American","Pittsburgh, Pa.","-79.9958864","40.440625",NA,NA,NA,1,"Person","1911-01-01",NA,"1911",NA,"James","male",NA
"James Valentine","Scottish","Scotland","-4.2026458","56.490671","Scotland","-4.2026458","56.490671",1,"Person","1815-01-01","1880-01-01","1815","1880","James","male",65
"Jamie Gruzska","American","Hollywood, Florida","-80.1494901","26.011201",NA,NA,NA,1,"Person","1963-01-01",NA,"1963",NA,"Jamie","male",NA
"Jane Wenger","American","New York City, New York","-74.0059728","40.712775",NA,NA,NA,1,"Person","1944-01-01",NA,"1944",NA,"Jane","female",NA
"Jeff Wall","Canadian","Vancouver (British Columbia, Canada)","-123.1207375","49.282729",NA,NA,NA,1,"Person","1946-01-01",NA,"1946",NA,"Jeff","male",NA
"Jerry Spagnoli","American","New York, NY","-74.0059728","40.712775",NA,NA,NA,1,"Person","1956-01-01",NA,"1956",NA,"Jerry","male",NA
"Jim Judkis","American","Philadelphia, PA","-75.1652215","39.952584",NA,NA,NA,2,"Person","1951-01-01",NA,"1951",NA,"Jim","male",NA
"Jo Ann Callis","American","Cincinnati, Ohio","-84.5120196","39.103118",NA,NA,NA,1,"Person","1940-01-01",NA,"1940",NA,"Jo","female",NA
"Joel DeGrand","American","Kittanning, Pennsylvania","-79.5219893","40.816453",NA,NA,NA,3,"Person","1944-01-01",NA,"1944",NA,"Joel","male",NA
"Joel Meyerowitz","American","New York City","-74.0059728","40.712775",NA,NA,NA,23,"Person","1938-01-01",NA,"1938",NA,"Joel","male",NA
"Joel Sternfeld","American","New York, New York, United States of America","-74.0059728","40.712775",NA,NA,NA,3,"Person","1944-01-01",NA,"1944",NA,"Joel","male",NA
"John Divola","American","Santa Monica, CA","-118.4911912","34.019454",NA,NA,NA,2,"Person","1949-01-01",NA,"1949",NA,"John","male",NA
"John G. Bullock","American","Wilmington, Delaware, USA","-75.5397878","39.739072","West Chester, Pennsylvania, USA","-75.6054882","39.960664",1,"Person","1854-01-01","1939-01-01","1854","1939","John","male",85
"John Lefebre","American","Berlin, Germany","13.4049540","52.520007","New York","-74.0059728","40.712775",42,"Person","1905-01-01","1986-01-01","1905","1986","John","male",81
"John Van Alstine","American","New York","-74.0059728","40.712775",NA,NA,NA,1,"Person","1952-01-01",NA,"1952",NA,"John","male",NA
"Joseph B. Englander","American","California","-119.4179324","36.778261",NA,NA,NA,1,"Person","1947-01-01",NA,"1947",NA,"Joseph","male",NA
"Joseph Cornell","American","Nyack (Rockland county, New York state, United States)","-73.9179146","41.090652","Flushing (New York City, New York state, United States)","-73.8330790","40.767499",3,"Person","1903-01-01","1972-01-01","1903","1972","Joseph","male",69
"Judy Fiskin","American","Chicago (Cook County, Illinois, United States)","-87.6297982","41.878114",NA,NA,NA,2,"Person","1945-01-01",NA,"1945",NA,"Judy","female",NA
"Julia Margaret Cameron","British","Kolkata (West Bengal, India) (Calcutta)","88.3638950","22.572646","Sri Lanka (Asia)","80.7717970","7.873054",2,"Person","1815-01-01","1879-01-01","1815","1879","Julia","female",64
"Karl Struss","American","New York, New York","-115.1745559","36.102371","Santa Monica, California","-118.4911912","34.019454",6,"Person","1886-01-01","1981-01-01","1886","1981","Karl","male",95
"Kenneth Josephson","American","Detroit, Michigan, United States","-83.0457538","42.331427",NA,NA,NA,3,"Person","1932-01-01",NA,"1932",NA,"Kenneth","male",NA
"Kenneth Neely","American","Pittsburgh, PA","-79.9958864","40.440625",NA,NA,NA,2,"Person","1971-01-01",NA,"1971",NA,"Kenneth","male",NA
"Larry Clark","American","Tulsa (Tulsa county, Oklahoma, United States)","-95.9927750","36.153982",NA,NA,NA,38,"Person","1943-01-01",NA,"1943",NA,"Larry","male",NA
"Larry McPherson","American","Newark, OH","-82.4012642","40.058121",NA,NA,NA,1,"Person","1943-01-01",NA,"1943",NA,"Larry","male",NA
"LaToya Ruby Frazier","American","Braddock, Pennsylvania","-79.8683824","40.403402",NA,NA,NA,3,"Person","1982-01-01",NA,"1982",NA,"LaToya","female",NA
"Lebohang Kganye","South African","Katlehong, South Africa","28.1526196","-26.365126",NA,NA,NA,14,"Person","1990-01-01",NA,"1990",NA,"Lebohang","female",NA
"Lee Balterman","American","Chicago","-87.6297982","41.878114","Chicago","-87.6297982","41.878114",1,"Person","1920-01-01","2012-01-01","1920","2012","Lee","male",92
"Lee Friedlander","American","Aberdeen (Grays Harbor county, Washington, United States)","-123.8157218","46.975371",NA,NA,NA,2,"Person","1934-01-01",NA,"1934",NA,"Lee","male",NA
"Leonce R. Agbodjelou","Beninese","Porto Novo, Benin","2.6288523","6.496857",NA,NA,NA,5,"Person","1965-01-01",NA,"1965",NA,"Leonce","male",NA
"Leopold Hugo","American","Breslau, Prussia, present-day Poland",NA,NA,"Belton, TX","-97.4644530","31.056013",6,"Person","1863-01-01","1933-01-01","1863","1933","Leopold","male",70
"Lewis Wickes Hine","American","Oshkosh (Winnebago county, Wisconsin, United States)","-88.5426136","44.024706","Hastings-on-Hudson (Westchester county, New York state, United States)","-73.8787461","40.994542",24,"Person","1874-01-01","1940-01-01","1874","1940","Lewis","male",66
"Liliane Decock","American","Belgium","4.4699360","50.503887",NA,NA,NA,2,"Person","1939-01-01",NA,"1939",NA,"Liliane","female",NA
"Lilo Raymond","American","Germany (Europe)","10.4515260","51.165691","United States","-95.7128910","37.090240",1,"Person","1922-01-01","2009-01-01","1922","2009","Lilo","female",87
"Lina Bertucci","American","Milwaukee, Wisconsin","-87.9064736","43.038902",NA,NA,NA,1,"Person","1958-01-01",NA,"1958",NA,"Lina","female",NA
"Linda Butler","American","Appleton, Wisconsin","-88.4153847","44.261931",NA,NA,NA,1,"Person","1947-01-01",NA,"1947",NA,"Linda","female",NA
"Lothar Baumgarten","German","Rheinsberg (Potsdam district, Brandenburg, Germany)","12.9348344","52.373282",NA,NA,NA,1,"Person","1944-01-01",NA,"1944",NA,"Lothar","male",NA
"Lucien Aigner","Hungarian","√ârsek√∫jv√°r, Austria-Hungary (Europe)",NA,NA,"Waltham (Middlesex county, Massachusetts, United States)","-71.2356113","42.376485",1,"Person","1901-09-14","1999-03-29","1901","1999","Lucien","male",98
"Luisa Lambri","Italian","Como, Italy","9.0851765","45.808060",NA,NA,NA,4,"Person","1969-01-01",NA,"1969",NA,"Luisa","female",NA
"Luke Swank","American","Johnstown, PA","-78.9219698","40.326741",NA,NA,NA,46,"Person","1890-01-01","1944-01-01","1890","1944","Luke","male",54
"Manuel Alvarez Bravo","Mexican","Mexico City (Distrito Federal, Mexico)","-99.1332080","19.432608","Mexico City (Distrito Federal, Mexico)","-99.1332080","19.432608",17,"Person","1902-01-01","2002-01-01","1902","2002","Manuel","male",100
"Margaret Bourke-White","American","New York City (New York state, United States)","-74.0059728","40.712775","Stamford (Fairfield county, Connecticut, United States)","-73.5387341","41.053430",20,"Person","1904-01-01","1971-01-01","1904","1971","Margaret","female",67
"Marion Post Wolcott","American","Montclair, NJ","-74.2090053","40.825901","Santa Barbara, CA","-119.6981901","34.420831",1,"Person","1910-06-07","1990-11-24","1910","1990","Marion","female",80
"Mark Cohen","American","Wilkes-Barre, PA","-75.8813075","41.245915",NA,NA,NA,7,"Person","1943-01-01",NA,"1943",NA,"Mark","male",NA
"Mark Perrott","American","Rochester, PA","-80.2864509","40.702288",NA,NA,NA,33,"Person","1946-01-01",NA,"1946",NA,"Mark","male",NA
"Martha Rial","American","Pittsburgh, PA","-79.9958864","40.440625",NA,NA,NA,3,"Person","1961-01-01",NA,"1961",NA,"Martha","female",NA
"Martin Prekop","American","Toledo, OH","-83.5552120","41.663938",NA,NA,NA,2,"Person","1940-01-01",NA,"1940",NA,"Martin","male",NA
"Melissa Farlow","American","Indiana","-86.1349019","40.267194",NA,NA,NA,2,"Person","1951-01-01",NA,"1951",NA,"Melissa","female",NA
"Michael Kenna","British","Widnes, England","-2.7336370","53.361024",NA,NA,NA,12,"Person","1953-01-01",NA,"1953",NA,"Michael","male",NA
"Nakahashi, Kenji","Japanese","Japan","138.2529240","36.204824",NA,NA,NA,3,"Person","1947-01-01",NA,"1947",NA,"Nakahashi",NA,NA
"Nell Dorr","American","Cleveland, Ohio, USA","-81.6943605","41.499320",NA,NA,NA,1,"Person","1895-01-01","1988-01-01","1895","1988","Nell","female",93
"Newsha Tavakolian","Iranian","Tehran, Iran","51.3889736","35.689197",NA,NA,NA,3,"Person","1981-01-01",NA,"1981",NA,"Newsha","female",NA
"O. Winston Link","American","Brooklyn, New York","-73.9441579","40.678178","South Salem, New York","-73.5523849","41.272865",1,"Person","1914-01-01","2001-01-01","1914","2001","O.",NA,87
"Pamela Z. Bryan","American","New York City","-74.0059728","40.712775",NA,NA,NA,6,"Person","1944-01-01",NA,"1944",NA,"Pamela","female",NA
"Paul Caponigro","American","Boston, Massachusetts, USA","-71.0588801","42.360082",NA,NA,NA,2,"Person","1932-01-01",NA,"1932",NA,"Paul","male",NA
"Paul Graham","British","Stafford (Staffordshire, England, United Kingdom)","-2.1206600","52.806693",NA,NA,NA,1,"Person","1956-01-01",NA,"1956",NA,"Paul","male",NA
"Paul Mpagi Sepuya","American","San Bernardino, CA","-117.2897652","34.108345",NA,NA,NA,1,"Person","1982-01-01",NA,"1982",NA,"Paul","male",NA
"Paul Shambroom","American","Teaneck, NJ","-74.0116536","40.893247",NA,NA,NA,1,"Person","1956-01-01",NA,"1956",NA,"Paul","male",NA
"Peter Henry Emerson","British","Sagua la Grande (Villa Clara, Cuba)","-80.0702555","22.803771","United Kingdom","-3.4359730","55.378051",1,"Person","1856-01-01","1936-01-01","1856","1936","Peter","male",80
"Peter Steinhauer","American","Boulder, Colorado","-105.2705456","40.014986",NA,NA,NA,2,"Person","1966-01-01",NA,"1966",NA,"Peter","male",NA
"Philip Perkis","American","Boston, MA","-71.0588801","42.360082",NA,NA,NA,6,"Person","1935-01-01",NA,"1935",NA,"Philip","male",NA
"Philippe Halsman","American","Riga (Riga district, Latvia)","24.1051865","56.949649","New York City (New York state, United States)","-74.0059728","40.712775",6,"Person","1906-01-01","1979-01-01","1906","1979","Philippe","male",73
"Ralph Gibson","American","Los Angeles, California, USA","-118.2436849","34.052234",NA,NA,NA,2,"Person","1939-01-01",NA,"1939",NA,"Ralph","male",NA
"Rana El Nemr","Egyptian","Hanover, Germany","9.7320104","52.375892",NA,NA,NA,3,"Person","1974-01-01",NA,"1974",NA,"Rana","female",NA
"Renee Rosensteel","American","Greensburg, PA","-79.5389289","40.301458",NA,NA,NA,2,"Person","1964-01-01",NA,"1964",NA,"Renee","female",NA
"Richard Kelly","American","Pittsburgh, PA","-79.9958864","40.440625",NA,NA,NA,2,"Person","1965-01-01",NA,"1965",NA,"Richard","male",NA
"Robbert Flick","American","Netherlands","5.2912660","52.132633",NA,NA,NA,1,"Person","1939-01-01",NA,"1939",NA,"Robbert","male",NA
"Robert Atkinson Bonine","American","Lancaster, PA","-76.3055144","40.037875","Altoona, PA","-78.3947359","40.518681",6,"Person","1936-12-11","1912-10-26","1936","1912","Robert","male",NA
"Robert Doisneau","French","Gentilly (Val-de-Marne, √éle-de-France, France)","2.3319215","48.816105","Paris (Ville de Paris department, √éle-de-France, France)","2.3522148","48.856582",2,"Person","1912-01-01","1994-01-01","1912","1994","Robert","male",82
"Robert E. Churchill","American",NA,NA,NA,NA,NA,NA,32,"Person",NA,NA,NA,NA,"Robert","male",NA
"Robert Frank","American","Zurich (Z√ºrich canton, Switzerland)","8.5416940","47.376887",NA,NA,NA,1,"Person","1924-01-01",NA,"1924",NA,"Robert","male",NA
"Robert M. Cargo","American",NA,NA,NA,NA,NA,NA,7,"Person","1828-01-01","1902-01-01","1828","1902","Robert","male",74
"Robert Mapplethorpe","American","New York City (New York state, United States)","-74.0059728","40.712775","New York City (New York state, United States)","-74.0059728","40.712775",1,"Person","1947-01-01","1989-01-01","1947","1989","Robert","male",42
"Robert W. Off","American","Chicago, IL","-87.6297982","41.878114","Ligonier, PA","-79.2375325","40.243128",16,"Person","1919-10-12","2010-09-03","1919","2010","Robert","male",91
"Rudy Burckhardt","American","Basel (Basel-Stadt, Switzerland)","7.5885761","47.559599",NA,NA,NA,1,"Person","1914-01-01","1999-01-01","1914","1999","Rudy","male",85
"Russell Lee","American","Ottawa, IL","-88.8425769","41.345589","Austin, TX","-97.7430608","30.267153",4,"Person","1903-07-21","1986-08-28","1903","1986","Russell","male",83
"Salvatore Pinto","American","Casal Velino, Salerno, Italy","15.1110081","40.190784","Philadelphia, PA","-75.1652215","39.952584",1,"Person","1905-01-01","1966-01-01","1905","1966","Salvatore","male",61
"Scott Conarroe","Canadian","Edmonton, Alberta, Canada","-113.4909267","53.544389",NA,NA,NA,1,"Person","1974-01-01",NA,"1974",NA,"Scott","male",NA
"Seth Dickerman","American","New York","-74.0059728","40.712775",NA,NA,NA,1,"Person","1956-01-01",NA,"1956",NA,"Seth","male",NA
"Shen Wei","Chinese","Shanghai, China","121.4737021","31.230390",NA,NA,NA,1,"Person","1977-01-01",NA,"1977",NA,"Shen","male",NA
"Siwa Mgoboza","South African","Cape Town, South Africa","18.4240553","-33.924869",NA,NA,NA,2,"Person","1993-01-01",NA,"1993",NA,"Siwa","female",NA
"Tanya Habjouqa","Jordanian","Jordan","36.2384140","30.585164",NA,NA,NA,5,"Person","1975-01-01",NA,"1975",NA,"Tanya","female",NA
"Terry deRoy Gruber","American","Pittsburgh, Pa.","-79.9958864","40.440625",NA,NA,NA,1,"Person","1953-01-01",NA,"1953",NA,"Terry","male",NA
"Theodore Roszak","American","Poznan (Wielkopolskie voivodship, Poland)","16.9251681","52.406374","New York City (New York state, United States)","-74.0059728","40.712775",1,"Person","1907-01-01","1981-01-01","1907","1981","Theodore","male",74
"Tina Barney","American","New York City (New York state, United States)","-74.0059728","40.712775",NA,NA,NA,1,"Person","1945-01-01",NA,"1945",NA,"Tina","female",NA
"Todd Webb","American","Detroit, MI","-83.0457538","42.331427","Maine","-69.4454689","45.253783",18,"Person","1905-01-01","2000-01-01","1905","2000","Todd","male",95
"Trevor McClurg","American","Philadelphia (Philadelphia county, Pennsylvania, United States)","-75.1652215","39.952584",NA,NA,NA,4,"Person","1816-01-01","1893-01-01","1816","1893","Trevor","male",77
"Victor Landweber","American","Washington (DC, United States)","-77.0368707","38.907192",NA,NA,NA,3,"Person","1943-01-01",NA,"1943",NA,"Victor","male",NA
"W. Eugene Smith","American","Wichita, Kansas","-97.3300530","37.687176",NA,NA,NA,49,"Person","1918-01-01","1978-01-01","1918","1978","W.",NA,60
"Walery (Stanislaw Julian Ignacy, Count Ostrorog)","English","Poland","19.1451360","51.919438",NA,NA,NA,1,"Person","1863-01-01","1935-01-01","1863","1935","Walery",NA,72
"Walker Evans","American","St. Louis, Missouri","-90.1994042","38.627003","New Haven, Connecticut","-72.9278835","41.308274",2,"Person","1903-11-03","1975-04-10","1903","1975","Walker","male",72
"Walter Rosenblum","American","New York","-74.0059728","40.712775",NA,NA,NA,6,"Person","1919-01-01","2006-01-01","1919","2006","Walter","male",87
"William Eggleston","American","Memphis, TN","-90.0489801","35.149534",NA,NA,NA,15,"Person","1939-07-27",NA,"1939",NA,"William","male",NA
"William H. Whitehead","American",NA,NA,NA,NA,NA,NA,5,"Person","1860-01-01","1880-01-01","1860","1880","William","male",20
"William Heick","American","San Francisco, California, USA","-122.4194155","37.774929",NA,NA,NA,1,"Person","1916-01-01",NA,"1916",NA,"William","male",NA
"William Henry Jackson","American","Keeseville (Clinton county, New York state, United States)","-73.4801348","44.505048","New York City (New York state, United States)","-74.0059728","40.712775",1,"Person","1843-01-01","1942-01-01","1843","1942","William","male",99
"William Larson","American","North Tonawanda, NY","-78.8642033","43.038668",NA,NA,NA,2,"Person","1942-01-01",NA,"1942",NA,"William","male",NA
"Yousuf Karsh","Canadian","Mardin (Mardin province, South-East Anatolian Region, Turkey)","40.7339510","37.312903","Boston, MA","-71.0588801","42.360082",3,"Person","1908-01-01","2002-01-01","1908","2002","Yousuf","male",94
"H.G. Wells",NA,NA,NA,NA,NA,NA,NA,11,"Person",NA,NA,NA,NA,"H.",NA,NA
"Robert Adamson","Scottish","Scotland (United Kingdom)","-4.202646","56.49067","Saint Andrews (Fife, Scotland, United Kingdom)","-2.796721","56.33978",22,"Person","1821-01-01","1848-01-01","1821","1848","Robert","male",27
"Willard Van Dyck","American",NA,NA,NA,NA,NA,NA,47,"Person","1906-01-01","1986-01-01","1906","1986","Willard","male",80
"J. N. Glogger","American",NA,NA,NA,NA,NA,NA,11,"Person","1850-01-01",NA,"1850",NA,"J.",NA,NA
"Sanford M. Robinson","American",NA,NA,NA,NA,NA,NA,4,"Person","1833-01-01","1901-01-01","1833","1901","Sanford","male",68
"John Earle","American",NA,NA,NA,NA,NA,NA,11,"Person","1844-01-01","1905-01-01","1844","1905","John","male",61
"John Collier","American",NA,NA,NA,"San Jose, Costa Rica","-84.0907246","9.928069",9,"Person","1913-01-01","1992-01-01","1913","1992","John","male",79
"Sol Libsohn","American",NA,NA,NA,"Princeton, NJ","-74.6672226","40.357298",18,"Person","1914-01-01","2001-01-01","1914","2001","Sol","female",87
"A. Hausold","American",NA,NA,NA,NA,NA,NA,1,"Person","1860-01-01",NA,"1860",NA,"A.",NA,NA
"A. M. Thompson","American",NA,NA,NA,NA,NA,NA,1,"Person","1860-01-01",NA,"1860",NA,"A.",NA,NA
"Abraham Sissman","American",NA,NA,NA,NA,NA,NA,1,"Person","1912-01-01","1940-01-01","1912","1940","Abraham","male",28
"Abram M. Brown","American",NA,NA,NA,NA,NA,NA,28,"Person","1888-01-01","1970-01-01","1888","1970","Abram","male",82
"Alan H. Sperling","American",NA,NA,NA,NA,NA,NA,1,"Person",NA,NA,NA,NA,"Alan","male",NA
"Altwater & Brother","American",NA,NA,NA,NA,NA,NA,5,"Organization",NA,NA,NA,NA,"Altwater",NA,NA
"Anonymous","undetermined",NA,NA,NA,NA,NA,NA,4,"Person",NA,NA,NA,NA,"Anonymous",NA,NA
"Antonio Pardo Soublette","Venezuelan",NA,NA,NA,NA,NA,NA,1,"Person","1893-01-01","1985-01-01","1893","1985","Antonio","male",92
"Arnold Eagle","American",NA,NA,NA,NA,NA,NA,6,"Person","1909-01-01","1992-01-01","1909","1992","Arnold","male",83
"Arthur Mones","American",NA,NA,NA,NA,NA,NA,15,"Person","1919-01-01","1998-01-01","1919","1998","Arthur","male",79
"Aufrecht","American",NA,NA,NA,NA,NA,NA,4,"Person","1870-01-01","1880-01-01","1870","1880","Aufrecht",NA,NA
"Aufrecht's New Elite","American",NA,NA,NA,NA,NA,NA,1,"Organization","1860-01-01",NA,"1860",NA,"Aufrecht",NA,NA
"B. D. Strauch","American",NA,NA,NA,NA,NA,NA,4,"Person",NA,NA,NA,NA,"B.",NA,NA
"B. L. H. Dabbs","American",NA,NA,NA,NA,NA,NA,16,"Person","1839-01-01","1899-01-01","1839","1899","B.",NA,60
"B. L. H. Dabbs and Others","American",NA,NA,NA,NA,NA,NA,1,"Organization","1839-01-01","1899-01-01","1839","1899","B.",NA,60
"Bachrach","American",NA,NA,NA,NA,NA,NA,1,"Organization",NA,NA,NA,NA,"Bachrach",NA,NA
"Baldwin","American",NA,NA,NA,NA,NA,NA,1,"Person",NA,NA,NA,NA,"Baldwin","male",NA
"Bauer and Co.","American",NA,NA,NA,NA,NA,NA,1,"Organization","1860-01-01",NA,"1860",NA,"Bauer","male",NA
"Beebe","American",NA,NA,NA,NA,NA,NA,1,"Person","1860-01-01",NA,"1860",NA,"Beebe","female",NA
"Bernhard Prinz","German",NA,NA,NA,NA,NA,NA,1,"Person","1953-01-01",NA,"1953",NA,"Bernhard","male",NA
"Bernhard Wagner","German",NA,NA,NA,NA,NA,NA,1,"Person",NA,NA,NA,NA,"Bernhard","male",NA
"Bets","American",NA,NA,NA,NA,NA,NA,1,"Person","1860-01-01",NA,"1860",NA,"Bets","female",NA
"Bremer and Judge Associates, Rembrandt Studios","American",NA,NA,NA,NA,NA,NA,2,"Organization",NA,NA,NA,NA,"Bremer",NA,NA
"Brett Weston","American",NA,NA,NA,NA,NA,NA,1,"Person","1911-01-01","1993-01-01","1911","1993","Brett","male",82
"Broadbent & Taylor","American",NA,NA,NA,NA,NA,NA,1,"Organization",NA,"1880-01-01",NA,"1880","Broadbent",NA,NA
"Broadbent Brothers","American",NA,NA,NA,NA,NA,NA,1,"Organization","1884-01-01",NA,"1884",NA,"Broadbent",NA,NA
"Bruce Cratsley","American",NA,NA,NA,NA,NA,NA,1,"Person","1944-01-01","1998-01-01","1944","1998","Bruce","male",54
"Bruno Requillart","French",NA,NA,NA,NA,NA,NA,3,"Person","1947-01-01",NA,"1947",NA,"Bruno","male",NA
"Burggraf","American",NA,NA,NA,NA,NA,NA,5,"Person","1860-01-01",NA,"1860",NA,"Burggraf",NA,NA
"C. D. McCurdy","American",NA,NA,NA,NA,NA,NA,1,"Person","1860-01-01",NA,"1860",NA,"C.",NA,NA
"C. G. Agrell","American",NA,NA,NA,NA,NA,NA,7,"Person","1885-01-01","1890-01-01","1885","1890","C.",NA,NA
"C. H. Roblot","French",NA,NA,NA,NA,NA,NA,1,"Person",NA,NA,NA,NA,"C.",NA,NA
"C. W. Bunting","American",NA,NA,NA,NA,NA,NA,1,"Person",NA,NA,NA,NA,"C.",NA,NA
"C. Yarnall Abbott","American",NA,NA,NA,NA,NA,NA,1,"Person","1870-01-01","1938-01-01","1870","1938","C.",NA,68
"Carlos F. Peterson","American",NA,NA,NA,NA,NA,NA,1,"Person","1949-01-01",NA,"1949",NA,"Carlos","male",NA
"Charlee Brodsky","American",NA,NA,NA,NA,NA,NA,12,"Person","1950-01-01",NA,"1950",NA,"Charlee","female",NA
"Charles K. Archer","American",NA,NA,NA,NA,NA,NA,4,"Person","1885-01-01","1969-01-01","1885","1969","Charles","male",84
"Chauncey M. Morley","American",NA,NA,NA,NA,NA,NA,4,"Person",NA,NA,NA,NA,"Chauncey","male",NA
"Chris Shaw","British",NA,NA,NA,NA,NA,NA,5,"Person","1961-01-01",NA,"1961",NA,"Chris","male",NA
"Christopher James","American",NA,NA,NA,NA,NA,NA,12,"Person","1947-01-01",NA,"1947",NA,"Christopher","male",NA
"Cochran and Wilson","American",NA,NA,NA,NA,NA,NA,1,"Organization","1860-01-01",NA,"1860",NA,"Cochran",NA,NA
"Conrad Frederic Haeseler","American",NA,NA,NA,NA,NA,NA,1,"Person",NA,NA,NA,NA,"Conrad","male",NA
"Constance E. Hanna","American",NA,NA,NA,NA,NA,NA,1,"Person","1960-01-01",NA,"1960",NA,"Constance","female",NA
"Craig J. Barber","American",NA,NA,NA,NA,NA,NA,1,"Person","1947-01-01",NA,"1947",NA,"Craig","male",NA
"Curtis W. Taylor & Co.","American",NA,NA,NA,NA,NA,NA,1,"Organization",NA,NA,NA,NA,"Curtis","male",NA
"D. B. Chase","American",NA,NA,NA,NA,NA,NA,2,"Person","1860-01-01",NA,"1860",NA,"D.",NA,NA
"Dan Wynn","American",NA,NA,NA,NA,NA,NA,1,"Person","1920-01-01","1995-01-01","1920","1995","Dan","male",75
"David Aschkenas","American",NA,NA,NA,NA,NA,NA,2,"Person","1951-01-01",NA,"1951",NA,"David","male",NA
"David Avison","American",NA,NA,NA,NA,NA,NA,1,"Person","1937-01-01","2004-01-01","1937","2004","David","male",67
"David J. Hess","American",NA,NA,NA,NA,NA,NA,9,"Person",NA,NA,NA,NA,"David","male",NA
"David R. Craig","American",NA,NA,NA,NA,NA,NA,2,"Person",NA,NA,NA,NA,"David","male",NA
"Davis and Sanford","American",NA,NA,NA,NA,NA,NA,4,"Organization","1892-01-01","1915-01-01","1892","1915","Davis","male",23
"Davis Mahan","American",NA,NA,NA,NA,NA,NA,3,"Person","1866-01-01","1902-01-01","1866","1902","Davis","male",36
"Dennis Marsico","American",NA,NA,NA,NA,NA,NA,1,"Person","1948-01-01",NA,"1948",NA,"Dennis","male",NA
"Detroit Publishing Company","American",NA,NA,NA,NA,NA,NA,1,"Organization","1895-01-01","1932-01-01","1895","1932","Detroit","male",37
"Diana Shearwood","Canadian",NA,NA,NA,NA,NA,NA,1,"Person","1954-01-01",NA,"1954",NA,"Diana","female",NA
"Dr. Charles Peabody","American",NA,NA,NA,NA,NA,NA,1,"Person",NA,NA,NA,NA,"Dr.","female",NA
"Dr. Lee M. Hershenson","American",NA,NA,NA,NA,NA,NA,2,"Person","1927-01-01",NA,"1927",NA,"Dr.","female",NA
"Dubin Advertising, Inc.","American",NA,NA,NA,NA,NA,NA,1,"Organization",NA,NA,NA,NA,"Dubin",NA,NA
"Dudley L. Stouch","American",NA,NA,NA,NA,NA,NA,1,"Person",NA,NA,NA,NA,"Dudley","male",NA
"Dwight A. Davis","American",NA,NA,NA,NA,NA,NA,3,"Person","1852-01-01","1944-01-01","1852","1944","Dwight","male",92
"Elijah Gowin","American",NA,NA,NA,NA,NA,NA,2,"Person","1967-01-01",NA,"1967",NA,"Elijah","male",NA
"Ellen Carey","American",NA,NA,NA,NA,NA,NA,1,"Person","1952-01-01",NA,"1952",NA,"Ellen","female",NA
"Emily Pitchford","American",NA,NA,NA,NA,NA,NA,1,"Person","1878-01-01","1954-01-01","1878","1954","Emily","female",76
"Erik Lauritzen","American",NA,NA,NA,NA,NA,NA,3,"Person","1953-01-01","2007-01-01","1953","2007","Erik","male",54
"Ern. K. Weller","American",NA,NA,NA,NA,NA,NA,1,"Person","1860-01-01",NA,"1860",NA,"Ern.","male",NA
"Ethel Grant Scott","American",NA,NA,NA,NA,NA,NA,1,"Person",NA,NA,NA,NA,"Ethel","female",NA
"Eva Watson-Schutze","American",NA,NA,NA,NA,NA,NA,1,"Person","1867-01-01","1935-01-01","1867","1935","Eva","female",68
"F. A. Tremaine & Co.","American",NA,NA,NA,NA,NA,NA,2,"Organization",NA,NA,NA,NA,"F.",NA,NA
"F. C. Dwight","American",NA,NA,NA,NA,NA,NA,1,"Person","1860-01-01",NA,"1860",NA,"F.",NA,NA
"F. C. Schmid","American",NA,NA,NA,NA,NA,NA,1,"Person","1860-01-01",NA,"1860",NA,"F.",NA,NA
"F. E. Dwight","American",NA,NA,NA,NA,NA,NA,1,"Person","1860-01-01",NA,"1860",NA,"F.",NA,NA
"F. Holland Day","American",NA,NA,NA,NA,NA,NA,1,"Person","1864-01-01","1933-01-01","1864","1933","F.",NA,69
"F. L. Huff","American",NA,NA,NA,NA,NA,NA,1,"Person",NA,NA,NA,NA,"F.",NA,NA
"F. Ross Altwater","American",NA,NA,NA,NA,NA,NA,20,"Person","1886-01-01","1959-01-01","1886","1959","F.",NA,73
"Fannie Coburn","undetermined",NA,NA,NA,NA,NA,NA,1,"Person",NA,NA,NA,NA,"Fannie","female",NA
"Fleissner","American",NA,NA,NA,NA,NA,NA,2,"Person",NA,NA,NA,NA,"Fleissner",NA,NA
"Fran Erzen","American",NA,NA,NA,NA,NA,NA,1,"Person","1917-01-01","1993-01-01","1917","1993","Fran","female",76
"Fran Nestler","American",NA,NA,NA,NA,NA,NA,4,"Person","1920-01-01","2005-01-01","1920","2005","Fran","female",85
"Francis Bruguiere","American",NA,NA,NA,NA,NA,NA,1,"Person","1879-01-01","1945-01-01","1879","1945","Francis","male",66
"Frederic Ohringer","American",NA,NA,NA,NA,NA,NA,1,"Person","1940-01-01",NA,"1940",NA,"Frederic","male",NA
"Frederick Bulkeley Hyde","American",NA,NA,NA,NA,NA,NA,1,"Person",NA,NA,NA,NA,"Frederick","male",NA
"Frederick Evans","American",NA,NA,NA,NA,NA,NA,2,"Person","1852-01-01","1943-01-01","1852","1943","Frederick","male",91
"Frederick G. Hartz","American",NA,NA,NA,NA,NA,NA,2,"Person",NA,NA,NA,NA,"Frederick","male",NA
"Frederick H. Pratt","American",NA,NA,NA,NA,NA,NA,2,"Person","1873-01-01","1958-01-01","1873","1958","Frederick","male",85
"Frommeyer","American",NA,NA,NA,NA,NA,NA,1,"Person","1860-01-01",NA,"1860",NA,"Frommeyer",NA,NA
"Garry Winogrand","American",NA,NA,NA,NA,NA,NA,17,"Person","1928-01-01","1984-01-01","1928","1984","Garry","male",56
"George H. Seeley","American",NA,NA,NA,NA,NA,NA,2,"Person","1880-01-01","1955-01-01","1880","1955","George","male",75
"George Hurrell","American",NA,NA,NA,NA,NA,NA,8,"Person","1904-01-01","1992-01-01","1904","1992","George","male",88
"George Lange","American",NA,NA,NA,NA,NA,NA,1,"Person","1955-01-01",NA,"1955",NA,"George","male",NA
"George Swaine","American",NA,NA,NA,NA,NA,NA,1,"Person",NA,NA,NA,NA,"George","male",NA
"Guglielmo von Pl√ºschow","German",NA,NA,NA,NA,NA,NA,1,"Person","1852-01-01","1930-01-01","1852","1930","Guglielmo","male",78
"H. C. Phillips","American",NA,NA,NA,NA,NA,NA,1,"Person","1860-01-01",NA,"1860",NA,"H.",NA,NA
"H. Renzelman","American",NA,NA,NA,NA,NA,NA,3,"Person",NA,NA,NA,NA,"H.",NA,NA
"H. Sonnenberg","American",NA,NA,NA,NA,NA,NA,5,"Person","1874-01-01","1904-01-01","1874","1904","H.",NA,30
"Harold Edgerton","American",NA,NA,NA,NA,NA,NA,5,"Person","1903-01-01","1990-01-01","1903","1990","Harold","male",87
"Harry C. Rubincam","American",NA,NA,NA,NA,NA,NA,1,"Person","1871-01-01","1940-01-01","1871","1940","Harry","male",69
"Harvey Stein","American",NA,NA,NA,NA,NA,NA,2,"Person","1941-01-01",NA,"1941",NA,"Harvey","male",NA
"Heather Mull","American",NA,NA,NA,NA,NA,NA,1,"Person","1969-01-01",NA,"1969",NA,"Heather","female",NA
"Helen Levitt","American",NA,NA,NA,NA,NA,NA,7,"Person","1913-01-01","2009-01-01","1913","2009","Helen","female",96
"Henry Chalfant","American",NA,NA,NA,NA,NA,NA,1,"Person","1940-01-01",NA,"1940",NA,"Henry","male",NA
"Henry Pfaff","American",NA,NA,NA,NA,NA,NA,1,"Person","1870-01-01","1899-12-31","1870","1899","Henry","male",29
"Hester and Beaudry","American",NA,NA,NA,NA,NA,NA,2,"Organization",NA,NA,NA,NA,"Hester","female",NA
"Histeel","American",NA,NA,NA,NA,NA,NA,1,"Person","1890-01-01",NA,"1890",NA,"Histeel",NA,NA
"Holmes I. Mettee","American",NA,NA,NA,NA,NA,NA,26,"Person","1881-01-01","1947-01-01","1881","1947","Holmes","male",66
"Hornick","American",NA,NA,NA,NA,NA,NA,1,"Person",NA,NA,NA,NA,"Hornick",NA,NA
"Hough & Anthony","American",NA,NA,NA,NA,NA,NA,3,"Organization","1846-01-01","1855-01-01","1846","1855","Hough",NA,NA
"Howard M. Arbogast","American",NA,NA,NA,NA,NA,NA,1,"Person",NA,NA,NA,NA,"Howard","male",NA
"Huber Brothers","American",NA,NA,NA,NA,NA,NA,1,"Organization",NA,NA,NA,NA,"Huber","male",NA
"J. D. 'Okhai Ojeikere","Nigerian",NA,NA,NA,NA,NA,NA,1,"Person","1930-01-01",NA,"1930",NA,"J.",NA,NA
"J. D. Sloan","American",NA,NA,NA,NA,NA,NA,1,"Person",NA,NA,NA,NA,"J.",NA,NA
"J. H. Henning","American",NA,NA,NA,NA,NA,NA,1,"Person","1860-01-01",NA,"1860",NA,"J.",NA,NA
"J. K. Cole","American",NA,NA,NA,NA,NA,NA,2,"Person","1860-01-01",NA,"1860",NA,"J.",NA,NA
"J. R. Pearson","American",NA,NA,NA,NA,NA,NA,1,"Person","1871-01-01","1896-01-01","1871","1896","J.",NA,25
"J. W. Morrison","American",NA,NA,NA,NA,NA,NA,2,"Person","1860-01-01",NA,"1860",NA,"J.",NA,NA
"Jack D. Mahony","American",NA,NA,NA,NA,NA,NA,1,"Person",NA,NA,NA,NA,"Jack","male",NA
"Jack M. Judge","American",NA,NA,NA,NA,NA,NA,1,"Person",NA,NA,NA,NA,"Jack","male",NA
"Jacqueline Thurston","American",NA,NA,NA,NA,NA,NA,19,"Person","1939-01-01",NA,"1939",NA,"Jacqueline","female",NA
"James O. Milmoe","American",NA,NA,NA,NA,NA,NA,3,"Person","1927-01-01",NA,"1927",NA,"James","male",NA
"James Wesley Morar","American",NA,NA,NA,NA,NA,NA,1,"Person","1955-01-01",NA,"1955",NA,"James","male",NA
"Jann Kwasneski","American",NA,NA,NA,NA,NA,NA,3,"Person","1956-01-01",NA,"1956",NA,"Jann","female",NA
"Jared French","American",NA,NA,NA,NA,NA,NA,1,"Person","1905-01-01","1988-01-01","1905","1988","Jared","male",83
"Jarrett Bros.","American",NA,NA,NA,NA,NA,NA,1,"Organization","1860-01-01",NA,"1860",NA,"Jarrett","male",NA
"Javens","American",NA,NA,NA,NA,NA,NA,1,"Person","1860-01-01",NA,"1860",NA,"Javens",NA,NA
"Jerry Gordon","American",NA,NA,NA,NA,NA,NA,4,"Person","1949-01-01","1997-01-01","1949","1997","Jerry","male",48
"Jerry Lee","undetermined",NA,NA,NA,NA,NA,NA,1,"Person",NA,NA,NA,NA,"Jerry","male",NA
"Johan Hagemeyer","American",NA,NA,NA,NA,NA,NA,1,"Person","1884-01-01","1962-01-01","1884","1962","Johan","male",78
"John Allen","American",NA,NA,NA,NA,NA,NA,1,"Person","1899-12-31",NA,"1899",NA,"John","male",NA
"John Covert","American",NA,NA,NA,NA,NA,NA,13,"Person","1882-01-01","1960-01-01","1882","1960","John","male",78
"John D. Dluzynski","American",NA,NA,NA,NA,NA,NA,1,"Person","1953-01-01",NA,"1953",NA,"John","male",NA
"John Kaplan","American",NA,NA,NA,NA,NA,NA,1,"Person","1959-01-01",NA,"1959",NA,"John","male",NA
"John Nelson","American",NA,NA,NA,NA,NA,NA,1,"Person",NA,"1859-01-01",NA,"1859","John","male",NA
"John Sperber","American",NA,NA,NA,NA,NA,NA,1,"Person","1885-01-01",NA,"1885",NA,"John","male",NA
"John Vachon","American",NA,NA,NA,NA,NA,NA,1,"Person","1914-01-01","1975-01-01","1914","1975","John","male",61
"Johnston and Johnston","American",NA,NA,NA,NA,NA,NA,4,"Organization",NA,NA,NA,NA,"Johnston","male",NA
"Josef Sudek","Czech",NA,NA,NA,NA,NA,NA,1,"Person","1896-01-01","1976-01-01","1896","1976","Josef","male",80
"Joseph A. Rosen","American",NA,NA,NA,NA,NA,NA,2,"Person","1951-01-01",NA,"1951",NA,"Joseph","male",NA
"Joseph T. Keiley","American",NA,NA,NA,NA,NA,NA,1,"Person","1869-01-01","1914-01-01","1869","1914","Joseph","male",45
"Judge","American",NA,NA,NA,NA,NA,NA,7,"Person",NA,NA,NA,NA,"Judge","male",NA
"Karen Glaser","American",NA,NA,NA,NA,NA,NA,1,"Person","1954-01-01",NA,"1954",NA,"Karen","female",NA
"Karen Kaighin","American",NA,NA,NA,NA,NA,NA,2,"Person","1952-01-01",NA,"1952",NA,"Karen","female",NA
"Karl Gernot Kuehn","German",NA,NA,NA,NA,NA,NA,6,"Person","1940-01-01",NA,"1940",NA,"Karl","male",NA
"Keith Carter","American",NA,NA,NA,NA,NA,NA,1,"Person","1948-01-01",NA,"1948",NA,"Keith","male",NA
"L. F. Beaudry","American",NA,NA,NA,NA,NA,NA,2,"Person",NA,NA,NA,NA,"L.",NA,NA
"Len Jenshel","American",NA,NA,NA,NA,NA,NA,1,"Person","1949-01-01",NA,"1949",NA,"Len","male",NA
"Lies","American",NA,NA,NA,NA,NA,NA,1,"Person","1860-01-01",NA,"1860",NA,"Lies","female",NA
"Lois Conner","American",NA,NA,NA,NA,NA,NA,2,"Person","1951-01-01",NA,"1951",NA,"Lois","female",NA
"Lucien Clergue","French",NA,NA,NA,NA,NA,NA,1,"Person","1934-01-01",NA,"1934",NA,"Lucien","male",NA
"Lynn Johnson","American",NA,NA,NA,NA,NA,NA,5,"Person","1953-01-01",NA,"1953",NA,"Lynn","female",NA
"Malick Sidib√©","Malian",NA,NA,NA,NA,NA,NA,1,"Person","1936-01-01","2016-01-01","1936","2016","Malick","male",80
"Margueritte Dewitt","undetermined",NA,NA,NA,NA,NA,NA,2,"Person",NA,NA,NA,NA,"Margueritte","female",NA
"Matthew J. Bulvony","American",NA,NA,NA,NA,NA,NA,1,"Person","1948-01-01",NA,"1948",NA,"Matthew","male",NA
"Mayer","American",NA,NA,NA,NA,NA,NA,1,"Person",NA,NA,NA,NA,"Mayer","female",NA
"Michael  Zide","American",NA,NA,NA,NA,NA,NA,1,"Person",NA,NA,NA,NA,"Michael","male",NA
"Michael Chikiris","American",NA,NA,NA,NA,NA,NA,3,"Person","1941-01-01","2003-01-01","1941","2003","Michael","male",62
"Michael Graybrook","American",NA,NA,NA,NA,NA,NA,2,"Person","1950-01-01",NA,"1950",NA,"Michael","male",NA
"Mike Robinson","Canadian",NA,NA,NA,NA,NA,NA,1,"Person","1961-01-01",NA,"1961",NA,"Mike","male",NA
"Morris","American",NA,NA,NA,NA,NA,NA,8,"Person","1860-01-01",NA,"1860",NA,"Morris","male",NA
"Morris Studio","American",NA,NA,NA,NA,NA,NA,1,"Organization","1880-01-01",NA,"1880",NA,"Morris","male",NA
"Morrison","undetermined",NA,NA,NA,NA,NA,NA,1,"Person","1860-01-01",NA,"1860",NA,"Morrison","male",NA
"Mumper","American",NA,NA,NA,NA,NA,NA,3,"Person","1860-01-01",NA,"1860",NA,"Mumper",NA,NA
"Myra Wiggins","American",NA,NA,NA,NA,NA,NA,1,"Person","1869-01-01","1956-01-01","1869","1956","Myra","female",87
"Nancy Jacob","American",NA,NA,NA,NA,NA,NA,2,"Person","1947-01-01",NA,"1947",NA,"Nancy","female",NA
"Nast and Co.","American",NA,NA,NA,NA,NA,NA,1,"Organization","1860-01-01",NA,"1860",NA,"Nast",NA,NA
"Norman M. Jeannero","American",NA,NA,NA,NA,NA,NA,1,"Person","1886-01-01","1954-01-01","1886","1954","Norman","male",68
"Norman Marshall Jeannero","American",NA,NA,NA,NA,NA,NA,2,"Person","1886-01-01","1954-01-01","1886","1954","Norman","male",68
"Orlando E. Romig","American",NA,NA,NA,NA,NA,NA,6,"Person","1898-01-01","1964-01-01","1898","1964","Orlando","male",66
"Oscar C. Reiter","American",NA,NA,NA,NA,NA,NA,1,"Person","1861-01-01","1935-01-01","1861","1935","Oscar","male",74
"P. Rosencrantz","American",NA,NA,NA,NA,NA,NA,2,"Person","1860-01-01",NA,"1860",NA,"P.",NA,NA
"Pach","American",NA,NA,NA,NA,NA,NA,1,"Organization","1867-01-01","1947-01-01","1867","1947","Pach","female",80
"Paul C. Smith","American",NA,NA,NA,NA,NA,NA,1,"Person","1953-01-01",NA,"1953",NA,"Paul","male",NA
"Perry","American",NA,NA,NA,NA,NA,NA,1,"Person",NA,NA,NA,NA,"Perry","male",NA
"Peter Elliston","Australian",NA,NA,NA,NA,NA,NA,1,"Person","1940-01-01",NA,"1940",NA,"Peter","male",NA
"Peter Hujar","American",NA,NA,NA,NA,NA,NA,9,"Person","1934-01-01","1987-01-01","1934","1987","Peter","male",53
"Pittsburgh View and Copying Company","American",NA,NA,NA,NA,NA,NA,3,"Organization","1870-01-01",NA,"1870",NA,"Pittsburgh",NA,NA
"R. M. Cargo","American",NA,NA,NA,NA,NA,NA,1,"Person","1852-01-01","1865-01-01","1852","1865","R.",NA,NA
"R. Tebbs","American",NA,NA,NA,NA,NA,NA,1,"Person",NA,NA,NA,NA,"R.",NA,NA
"R. W. Johnston Studios","American",NA,NA,NA,NA,NA,NA,4,"Organization",NA,NA,NA,NA,"R.",NA,NA
"Ralph W. Johnston","American",NA,NA,NA,NA,NA,NA,39,"Person","1873-01-01","1962-01-01","1873","1962","Ralph","male",89
"Raymond L. Baird","American",NA,NA,NA,NA,NA,NA,7,"Person",NA,NA,NA,NA,"Raymond","male",NA
"Regina Fisher","American",NA,NA,NA,NA,NA,NA,8,"Person","1921-01-01","2002-01-01","1921","2002","Regina","female",81
"Rembrandt","French",NA,NA,NA,NA,NA,NA,1,"Person","1916-01-01","1919-01-01","1916","1919","Rembrandt",NA,NA
"Rembrandt Studios","American",NA,NA,NA,NA,NA,NA,19,"Organization",NA,NA,NA,NA,"Rembrandt",NA,NA
"Richard A. Stoner","American",NA,NA,NA,NA,NA,NA,1,"Person","1952-01-01",NA,"1952",NA,"Richard","male",NA
"Richard Hurst","American",NA,NA,NA,NA,NA,NA,1,"Person","1952-01-01",NA,"1952",NA,"Richard","male",NA
"Richard Misrach","American",NA,NA,NA,NA,NA,NA,1,"Person","1949-01-01",NA,"1949",NA,"Richard","male",NA
"Richard Saunders","American",NA,NA,NA,NA,NA,NA,27,"Person","1922-01-01","1987-01-01","1922","1987","Richard","male",65
"Robert W. Johnston","American",NA,NA,NA,NA,NA,NA,1,"Person","1873-01-01","1962-01-01","1873","1962","Robert","male",89
"Rorah & Co.","American",NA,NA,NA,NA,NA,NA,1,"Organization","1870-01-01",NA,"1870",NA,"Rorah",NA,NA
"Rosalie Gwathmey","American",NA,NA,NA,NA,NA,NA,3,"Person","1908-01-01","2001-01-01","1908","2001","Rosalie","female",93
"Rothengatter and Dillon","American",NA,NA,NA,NA,NA,NA,20,"Organization","1888-01-01","1910-01-01","1888","1910","Rothengatter",NA,22
"Rudd and Runyan","American",NA,NA,NA,NA,NA,NA,1,"Organization","1860-01-01",NA,"1860",NA,"Rudd","male",NA
"S. V. Albee","American",NA,NA,NA,NA,NA,NA,36,"Person","1870-01-01","1880-01-01","1870","1880","S.",NA,NA
"Salonya","American",NA,NA,NA,NA,NA,NA,3,"Person",NA,NA,NA,NA,"Salonya",NA,NA
"Samuel Stevens Hood","American",NA,NA,NA,NA,NA,NA,43,"Person","1917-01-01","1959-01-01","1917","1959","Samuel","male",42
"Sarah Choate Sears","American",NA,NA,NA,NA,NA,NA,1,"Person","1858-01-01","1935-01-01","1858","1935","Sarah","female",77
"Scheibel and Kerr","American",NA,NA,NA,NA,NA,NA,1,"Organization",NA,NA,NA,NA,"Scheibel",NA,NA
"Scheide","American",NA,NA,NA,NA,NA,NA,1,"Person","1860-01-01",NA,"1860",NA,"Scheide",NA,NA
"Selden I. Davis","American",NA,NA,NA,NA,NA,NA,2,"Person","1904-01-01","1971-01-01","1904","1971","Selden","female",67
"Shadle and Toner","American",NA,NA,NA,NA,NA,NA,1,"Organization","1860-01-01",NA,"1860",NA,"Shadle",NA,NA
"Sperber","American",NA,NA,NA,NA,NA,NA,2,"Person","1860-01-01",NA,"1860",NA,"Sperber",NA,NA
"Stanton Bros.","American",NA,NA,NA,NA,NA,NA,1,"Organization","1860-01-01",NA,"1860",NA,"Stanton","male",NA
"Stefan Jasienski","Swiss",NA,NA,NA,NA,NA,NA,1,"Person","1899-01-01","1990-01-01","1899","1990","Stefan","male",91
"Stephen Livick","American",NA,NA,NA,NA,NA,NA,3,"Person","1945-01-01",NA,"1945",NA,"Stephen","male",NA
"Steuernagel","American",NA,NA,NA,NA,NA,NA,1,"Person",NA,NA,NA,NA,"Steuernagel",NA,NA
"Stewart and Company","American",NA,NA,NA,NA,NA,NA,1,"Organization",NA,NA,NA,NA,"Stewart","male",NA
"Sue Abramson","American",NA,NA,NA,NA,NA,NA,8,"Person","1956-01-01",NA,"1956",NA,"Sue","female",NA
"Sunbeam Gallery","American",NA,NA,NA,NA,NA,NA,1,"Organization","1870-01-01",NA,"1870",NA,"Sunbeam",NA,NA
"Tetsugo Hyakutake","Japanese",NA,NA,NA,NA,NA,NA,1,"Person","1975-01-01",NA,"1975",NA,"Tetsugo",NA,NA
"Teush","American",NA,NA,NA,NA,NA,NA,1,"Person","1860-01-01",NA,"1860",NA,"Teush",NA,NA
"The Misses Selz","American",NA,NA,NA,NA,NA,NA,3,"Person",NA,NA,NA,NA,"The","female",NA
"Theodore C. Marceau","American",NA,NA,NA,NA,NA,NA,2,"Person","1860-01-01","1922-01-01","1860","1922","Theodore","male",62
"Thomas O'Conor (II) Sloane","American",NA,NA,NA,NA,NA,NA,1,"Person","1879-01-01","1963-01-01","1879","1963","Thomas","male",84
"Thomas R. Schiff","American",NA,NA,NA,NA,NA,NA,1,"Person","1947-01-01",NA,"1947",NA,"Thomas","male",NA
"Trinity Court Studios","American",NA,NA,NA,NA,NA,NA,3,"Organization",NA,NA,NA,NA,"Trinity","female",NA
"Underwood and Underwood","American",NA,NA,NA,NA,NA,NA,1,"Organization","1882-01-01","1940-01-01","1882","1940","Underwood",NA,58
"unknown","undetermined",NA,NA,NA,NA,NA,NA,3,"Person",NA,NA,NA,NA,"unknown",NA,NA
"unknown American","American",NA,NA,NA,NA,NA,NA,48,"Person",NA,NA,NA,NA,"unknown",NA,NA
"unknown American, PA, Pittsburgh","American",NA,NA,NA,NA,NA,NA,1,"Person",NA,NA,NA,NA,"unknown",NA,NA
"unknown British","British",NA,NA,NA,NA,NA,NA,1,"Person",NA,NA,NA,NA,"unknown",NA,NA
"unknown Scottish","Scottish",NA,NA,NA,NA,NA,NA,1,"Person",NA,NA,NA,NA,"unknown",NA,NA
"Uriah L. Allen","American",NA,NA,NA,NA,NA,NA,2,"Person","1908-01-01","1923-01-01","1908","1923","Uriah","male",NA
"W. C. Sherman","American",NA,NA,NA,NA,NA,NA,1,"Person","1860-01-01",NA,"1860",NA,"W.",NA,NA
"W. Kneeland","American",NA,NA,NA,NA,NA,NA,1,"Person",NA,NA,NA,NA,"W.",NA,NA
"W. M. Fonner","American",NA,NA,NA,NA,NA,NA,1,"Person","1870-01-01",NA,"1870",NA,"W.",NA,NA
"W. S. Bell","American",NA,NA,NA,NA,NA,NA,1,"Person","1852-01-01",NA,"1852",NA,"W.",NA,NA
"Walter Alfred Cox","British",NA,NA,NA,NA,NA,NA,1,"Person",NA,"1908-01-01",NA,"1908","Walter","male",NA
"Walter Munhall","American",NA,NA,NA,NA,NA,NA,40,"Person","1901-01-01","1993-01-01","1901","1993","Walter","male",92
"Weller","American",NA,NA,NA,NA,NA,NA,1,"Person","1860-01-01",NA,"1860",NA,"Weller",NA,NA
"Wetzler Studio","American",NA,NA,NA,NA,NA,NA,1,"Organization",NA,NA,NA,NA,"Wetzler",NA,NA
"White","American",NA,NA,NA,NA,NA,NA,1,"Person",NA,NA,NA,NA,"White","male",NA
"William B. Post","American",NA,NA,NA,NA,NA,NA,3,"Person","1857-01-01","1921-01-01","1857","1921","William","male",64
"William Blessing","American",NA,NA,NA,NA,NA,NA,1,"Person","1912-01-01","2001-01-01","1912","2001","William","male",89
"William Donaldson","American",NA,NA,NA,NA,NA,NA,1,"Person","1949-01-01",NA,"1949",NA,"William","male",NA
"William Gordon Shields","Canadian",NA,NA,NA,NA,NA,NA,1,"Person","1883-01-01","1947-01-01","1883","1947","William","male",64
"William Jessen","American",NA,NA,NA,NA,NA,NA,1,"Person","1883-01-01","1886-01-01","1883","1886","William","male",NA
"William Orison Underwood","American",NA,NA,NA,NA,NA,NA,1,"Person","1873-01-01","1974-01-01","1873","1974","William","male",101
"William Rorah","American",NA,NA,NA,NA,NA,NA,2,"Person","1860-01-01","1864-01-01","1860","1864","William","male",NA
"William Stone","American",NA,NA,NA,NA,NA,NA,1,"Person",NA,NA,NA,NA,"William","male",NA
"William T. Purviance","American",NA,NA,NA,NA,NA,NA,12,"Person","1831-01-01","1881-01-01","1831","1881","William","male",50
"William W. Beaudry","American",NA,NA,NA,NA,NA,NA,3,"Person",NA,NA,NA,NA,"William","male",NA
"Zsuzsi Matolcsy","American",NA,NA,NA,NA,NA,NA,1,"Person","1955-01-01",NA,"1955",NA,"Zsuzsi","female",NA
"Zumbro's Studio","American",NA,NA,NA,NA,NA,NA,1,"Organization",NA,NA,NA,NA,"Zumbro",NA,NA
